{"cameraMode":{"drawMode":0,"name":"Shaded","section":"Shading Mode"},"sceneLighting":true,"audioPlay":false,"sceneViewState":{"m_AlwaysRefresh":false,"showFog":true,"showSkybox":true,"showFlares":true,"showImageEffects":true,"showParticleSystems":true,"showVisualEffectGraphs":true,"m_FxEnabled":true},"in2DMode":false,"pivot":{"x":0.41890931129455569,"y":1.6460320949554444,"z":8.569924354553223},"rotation":{"x":-0.11282867193222046,"y":-0.32009202241897585,"z":0.03832376375794411,"w":-0.9399111866950989},"size":5.02004861831665,"orthographic":false}